sort_order,wmo,name,history_product,local_date_time,local_date_time_full,aifstime_utc,lat,lon,apparent_t,cloud,cloud_base_m,cloud_oktas,cloud_type_id,cloud_type,delta_t,gust_kmh,gust_kt,air_temp,dewpt,press,press_qnh,press_msl,press_tend,rain_trace,rel_hum,sea_state,swell_dir_worded,swell_height,swell_period,vis_km,weather,wind_dir,wind_spd_kmh,wind_spd_kt
0,94578,"Brisbane Airport","IDQ60901","05/02:00am","20180705020000","20180704160000",-27.4,153.1,17.3,"Mostly clear",150,1,7,"Stratus",0.2,13,7,16.8,16.5,1022.4,1022.5,1022.4,"-","0.0",98,"-","-",-9999.0,-9999,"9","-","SSW",9,5
1,94578,"Brisbane Airport","IDQ60901","05/01:30am","20180705013000","20180704153000",-27.4,153.1,16.9,"Mostly clear",150,1,7,"Stratus",0.3,17,9,17.1,16.6,1022.7,1022.8,1022.7,"-","0.0",97,"-","-",-9999.0,-9999,"7","Drizzle","SSW",13,7
2,94578,"Brisbane Airport","IDQ60901","05/01:15am","20180705011500","20180704151500",-27.4,153.1,16.6,"Mostly clear",300,2,7,"Stratus",0.5,19,10,17.0,16.2,1022.9,1023.0,1022.9,"-","0.0",95,"-","-",-9999.0,-9999,"6","Showers","SSW",13,7
3,94578,"Brisbane Airport","IDQ60901","05/01:00am","20180705010000","20180704150000",-27.4,153.1,17.0,"Mostly clear",510,1,7,"Stratus",0.8,15,8,17.2,15.8,1023.0,1023.1,1023.0,"-","0.0",91,"-","-",-9999.0,-9999,"10","-","SSW",11,6
4,94578,"Brisbane Airport","IDQ60901","05/12:30am","20180705003000","20180704143000",-27.4,153.1,17.0,"Mostly clear",750,2,6,"Stratocumulus",1.2,13,7,17.4,15.3,1023.1,1023.2,1023.1,"-","0.0",87,"-","-",-9999.0,-9999,"10","-","SSW",11,6
5,94578,"Brisbane Airport","IDQ60901","05/12:00am","20180705000000","20180704140000",-27.4,153.1,17.3,"Mostly cloudy",600,7,34,"-",1.3,13,7,17.6,15.4,1023.3,1023.4,1023.3,"F","0.0",87,"-","-",-9999.0,-9999,"20","Drizzle","SSW",11,6
6,94578,"Brisbane Airport","IDQ60901","04/11:30pm","20180704233000","20180704133000",-27.4,153.1,17.3,"Mostly clear",540,1,7,"Stratus",1.6,17,9,17.8,15.0,1023.5,1023.6,1023.5,"-","0.0",84,"-","-",-9999.0,-9999,"10","Drizzle","S",11,6
7,94578,"Brisbane Airport","IDQ60901","04/11:00pm","20180704230000","20180704130000",-27.4,153.1,17.7,"Cloudy",1710,8,-9999,"-",1.5,13,7,17.7,15.1,1023.5,1023.6,1023.5,"-","0.0",85,"-","-",-9999.0,-9999,"10","-","SSW",9,5
8,94578,"Brisbane Airport","IDQ60901","04/10:30pm","20180704223000","20180704123000",-27.4,153.1,17.8,"Mostly clear",1200,1,6,"Stratocumulus",1.4,11,6,17.5,15.1,1023.7,1023.8,1023.7,"-","0.0",86,"-","-",-9999.0,-9999,"10","-","S",7,4
9,94578,"Brisbane Airport","IDQ60901","04/10:00pm","20180704220000","20180704120000",-27.4,153.1,17.9,"Partly cloudy",1890,5,-9999,"-",1.3,9,5,17.5,15.3,1023.8,1023.9,1023.8,"-","0.0",87,"-","-",-9999.0,-9999,"10","-","SSE",7,4
10,94578,"Brisbane Airport","IDQ60901","04/09:30pm","20180704213000","20180704113000",-27.4,153.1,18.7,"Mostly clear",720,1,8,"Cumulus",1.2,6,3,17.1,15.0,1023.8,1023.9,1023.8,"-","0.0",87,"-","-",-9999.0,-9999,"10","-","CALM",0,0
11,94578,"Brisbane Airport","IDQ60901","04/09:00pm","20180704210000","20180704110000",-27.4,153.1,17.6,"Mostly clear",300,2,38,"-",1.2,9,5,17.1,15.0,1023.7,1023.8,1023.7,"F","0.0",87,"-","-",-9999.0,-9999,"30","Fine","SSE",6,3
12,94578,"Brisbane Airport","IDQ60901","04/08:30pm","20180704203000","20180704103000",-27.4,153.1,17.6,"Mostly clear",600,1,7,"Stratus",1.4,11,6,17.6,15.2,1023.8,1023.9,1023.8,"-","0.0",86,"-","-",-9999.0,-9999,"10","-","SSE",9,5
13,94578,"Brisbane Airport","IDQ60901","04/08:00pm","20180704200000","20180704100000",-27.4,153.1,18.7,"Mostly clear",720,1,8,"Cumulus",1.6,7,4,17.8,15.0,1023.5,1023.6,1023.5,"-","0.0",84,"-","-",-9999.0,-9999,"10","-","SSE",4,2
14,94578,"Brisbane Airport","IDQ60901","04/07:30pm","20180704193000","20180704093000",-27.4,153.1,19.2,"Mostly clear",720,1,8,"Cumulus",2.2,13,7,18.9,15.1,1023.5,1023.6,1023.5,"-","0.0",78,"-","-",-9999.0,-9999,"10","-","SSE",7,4
15,94578,"Brisbane Airport","IDQ60901","04/07:00pm","20180704190000","20180704090000",-27.4,153.1,19.2,"Mostly clear",600,1,8,"Cumulus",2.3,9,5,18.9,14.9,1023.2,1023.3,1023.2,"-","0.0",77,"-","-",-9999.0,-9999,"10","-","SE",7,4
16,94578,"Brisbane Airport","IDQ60901","04/06:30pm","20180704183000","20180704083000",-27.4,153.1,19.6,"Mostly clear",600,1,8,"Cumulus",2.5,11,6,19.3,15.0,1023.1,1023.2,1023.1,"-","0.0",76,"-","-",-9999.0,-9999,"10","-","SE",7,4
17,94578,"Brisbane Airport","IDQ60901","04/06:00pm","20180704180000","20180704080000",-27.4,153.1,19.9,"Mostly clear",600,1,38,"-",2.4,7,4,19.3,15.2,1022.7,1022.8,1022.7,"F","0.0",77,"-","-",-9999.0,-9999,"30","Fine","SE",6,3
18,94578,"Brisbane Airport","IDQ60901","04/05:30pm","20180704173000","20180704073000",-27.4,153.1,19.5,"Mostly clear",600,1,7,"Stratus",2.5,11,6,19.5,15.2,1022.7,1022.8,1022.7,"-","0.0",76,"-","-",-9999.0,-9999,"10","-","SE",9,5
19,94578,"Brisbane Airport","IDQ60901","04/05:00pm","20180704170000","20180704070000",-27.4,153.1,19.5,"Mostly clear",690,1,8,"Cumulus",2.8,17,9,19.9,15.1,1022.3,1022.4,1022.3,"-","0.0",74,"-","-",-9999.0,-9999,"10","-","ESE",11,6
20,94578,"Brisbane Airport","IDQ60901","04/04:30pm","20180704163000","20180704063000",-27.4,153.1,19.7,"Mostly clear",750,1,8,"Cumulus",3.2,19,10,20.5,15.0,1022.3,1022.4,1022.3,"-","0.0",70,"-","-",-9999.0,-9999,"10","-","ESE",13,7
21,94578,"Brisbane Airport","IDQ60901","04/04:00pm","20180704160000","20180704060000",-27.4,153.1,19.7,"Mostly clear",900,1,8,"Cumulus",3.8,24,13,21.1,14.6,1022.3,1022.4,1022.3,"-","0.0",66,"-","-",-9999.0,-9999,"10","-","SE",15,8
22,94578,"Brisbane Airport","IDQ60901","04/03:30pm","20180704153000","20180704053000",-27.4,153.1,20.3,"Mostly clear",1320,2,8,"Cumulus",4.4,26,14,21.5,13.9,1022.4,1022.5,1022.4,"-","0.0",62,"-","-",-9999.0,-9999,"10","-","ESE",13,7
23,94578,"Brisbane Airport","IDQ60901","04/03:00pm","20180704150000","20180704050000",-27.4,153.1,20.1,"Partly cloudy",1000,3,32,"Towering Cumulus",4.7,24,13,21.8,13.6,1022.2,1022.3,1022.2,"R","0.0",59,"-","-",-9999.0,-9999,"30","Fine","ESE",15,8
24,94578,"Brisbane Airport","IDQ60901","04/02:30pm","20180704143000","20180704043000",-27.4,153.1,19.9,"Partly cloudy",1200,3,8,"Cumulus",4.8,28,15,22.0,13.7,1022.2,1022.3,1022.2,"-","0.0",59,"-","-",-9999.0,-9999,"10","-","SE",17,9
25,94578,"Brisbane Airport","IDQ60901","04/02:00pm","20180704140000","20180704040000",-27.4,153.1,19.8,"Partly cloudy",1200,3,8,"Cumulus",4.8,30,16,21.9,13.6,1022.2,1022.3,1022.2,"-","0.0",59,"-","-",-9999.0,-9999,"10","-","ESE",17,9
26,94578,"Brisbane Airport","IDQ60901","04/01:30pm","20180704133000","20180704033000",-27.4,153.1,20.0,"Partly cloudy",1200,3,8,"Cumulus",5.3,26,14,22.3,13.0,1022.2,1022.3,1022.2,"-","0.0",55,"-","-",-9999.0,-9999,"10","-","ESE",17,9
27,94578,"Brisbane Airport","IDQ60901","04/01:00pm","20180704130000","20180704030000",-27.4,153.1,20.0,"Partly cloudy",1200,3,8,"Cumulus",5.1,28,15,22.2,13.3,1022.4,1022.5,1022.4,"-","0.0",57,"-","-",-9999.0,-9999,"10","-","SE",17,9
28,94578,"Brisbane Airport","IDQ60901","04/12:30pm","20180704123000","20180704023000",-27.4,153.1,20.6,"Partly cloudy",1140,3,8,"Cumulus",4.9,26,14,22.5,14.1,1022.6,1022.7,1022.6,"-","0.0",59,"-","-",-9999.0,-9999,"10","-","SE",17,9
29,94578,"Brisbane Airport","IDQ60901","04/12:00pm","20180704120000","20180704020000",-27.4,153.1,19.9,"Partly cloudy",1000,3,32,"Towering Cumulus",4.8,30,16,22.0,13.7,1022.8,1022.9,1022.8,"R","0.0",59,"-","-",-9999.0,-9999,"30","Fine","ESE",17,9
30,94578,"Brisbane Airport","IDQ60901","04/11:30am","20180704113000","20180704013000",-27.4,153.1,19.8,"Partly cloudy",900,3,8,"Cumulus",4.5,26,14,22.0,14.3,1023.0,1023.1,1023.0,"-","0.0",61,"-","-",-9999.0,-9999,"10","-","ESE",19,10
31,94578,"Brisbane Airport","IDQ60901","04/11:00am","20180704110000","20180704010000",-27.4,153.1,19.6,"Partly cloudy",750,3,8,"Cumulus",4.5,28,15,21.6,13.8,1023.5,1023.6,1023.5,"-","0.0",61,"-","-",-9999.0,-9999,"10","-","SE",17,9
32,94578,"Brisbane Airport","IDQ60901","04/10:30am","20180704103000","20180704003000",-27.4,153.1,20.5,"Mostly clear",540,1,7,"Stratus",4.5,26,14,22.0,14.3,1023.7,1023.8,1023.7,"-","0.0",61,"-","-",-9999.0,-9999,"10","-","SE",15,8
33,94578,"Brisbane Airport","IDQ60901","04/10:00am","20180704100000","20180704000000",-27.4,153.1,20.5,"Mostly clear",540,1,7,"Stratus",3.4,19,10,21.2,15.5,1023.7,1023.8,1023.7,"-","0.0",70,"-","-",-9999.0,-9999,"10","-","SSE",13,7
34,94578,"Brisbane Airport","IDQ60901","04/09:30am","20180704093000","20180703233000",-27.4,153.1,18.5,"Mostly clear",540,1,7,"Stratus",2.6,20,11,19.6,15.2,1023.7,1023.8,1023.7,"-","0.0",76,"-","-",-9999.0,-9999,"10","-","S",15,8
35,94578,"Brisbane Airport","IDQ60901","04/09:00am","20180704090000","20180703230000",-27.4,153.1,17.6,"Mostly clear",300,2,38,"-",2.3,26,14,19.1,15.2,1023.7,1023.8,1023.7,"R","0.0",78,"-","-",-9999.0,-9999,"30","Fine","S",17,9
36,94578,"Brisbane Airport","IDQ60901","04/08:30am","20180704083000","20180703223000",-27.4,153.1,17.0,"Mostly clear",540,1,7,"Stratus",1.9,19,10,18.0,14.7,1023.5,1023.6,1023.5,"-","0.0",81,"-","-",-9999.0,-9999,"10","-","SSW",13,7
37,94578,"Brisbane Airport","IDQ60901","04/08:00am","20180704080000","20180703220000",-27.4,153.1,14.6,"Mostly clear",540,1,7,"Stratus",1.3,19,10,16.2,13.9,1023.2,1023.3,1023.2,"-","0.0",86,"-","-",-9999.0,-9999,"10","-","SSW",15,8
38,94578,"Brisbane Airport","IDQ60901","04/07:30am","20180704073000","20180703213000",-27.4,153.1,14.6,"Mostly clear",570,1,7,"Stratus",0.8,15,8,15.4,14.0,1023.0,1023.1,1023.0,"-","0.0",91,"-","-",-9999.0,-9999,"10","-","SW",11,6
39,94578,"Brisbane Airport","IDQ60901","04/07:00am","20180704070000","20180703210000",-27.4,153.1,14.3,"Mostly clear",570,2,7,"Stratus",1.3,13,7,15.4,13.0,1022.5,1022.6,1022.5,"-","0.0",85,"-","-",-9999.0,-9999,"10","-","SSW",11,6
40,94578,"Brisbane Airport","IDQ60901","04/06:30am","20180704063000","20180703203000",-27.4,153.1,12.6,"Mostly clear",570,1,7,"Stratus",1.0,17,9,14.3,12.5,1022.0,1022.1,1022.0,"-","0.0",89,"-","-",-9999.0,-9999,"10","-","SSW",13,7
41,94578,"Brisbane Airport","IDQ60901","04/06:00am","20180704060000","20180703200000",-27.4,153.1,12.8,"Partly cloudy",300,4,38,"-",1.5,19,10,15.0,12.2,1021.6,1021.7,1021.6,"R","0.0",83,"-","-",-9999.0,-9999,"30","Distant precip.","SSW",15,8
42,94578,"Brisbane Airport","IDQ60901","04/05:30am","20180704053000","20180703193000",-27.4,153.1,12.2,"Mostly clear",810,2,6,"Stratocumulus",1.5,22,12,14.8,12.0,1021.3,1021.4,1021.3,"-","0.0",83,"-","-",-9999.0,-9999,"10","-","SSW",17,9
43,94578,"Brisbane Airport","IDQ60901","04/05:00am","20180704050000","20180703190000",-27.4,153.1,11.4,"-",-9999,-9999,-9999,"-",1.4,26,14,14.4,11.8,1020.9,1021.0,1020.9,"-","0.0",84,"-","-",-9999.0,-9999,"10","-","SSW",19,10
44,94578,"Brisbane Airport","IDQ60901","04/04:30am","20180704043000","20180703183000",-27.4,153.1,11.5,"-",-9999,-9999,-9999,"-",1.4,22,12,14.5,11.9,1020.7,1020.8,1020.7,"-","0.0",84,"-","-",-9999.0,-9999,"10","-","SSW",19,10
45,94578,"Brisbane Airport","IDQ60901","04/04:00am","20180704040000","20180703180000",-27.4,153.1,12.2,"-",-9999,-9999,-9999,"-",1.8,22,12,15.2,11.9,1020.5,1020.6,1020.5,"-","0.0",81,"-","-",-9999.0,-9999,"10","-","SSW",19,10
46,94578,"Brisbane Airport","IDQ60901","04/03:30am","20180704033000","20180703173000",-27.4,153.1,11.6,"-",-9999,-9999,-9999,"-",1.4,20,11,14.3,11.7,1020.6,1020.7,1020.6,"-","0.0",84,"-","-",-9999.0,-9999,"10","-","SSW",17,9
47,94578,"Brisbane Airport","IDQ60901","04/03:00am","20180704030000","20180703170000",-27.4,153.1,11.4,"Clear",2500,0,-9999,"-",1.9,28,15,15.1,11.6,1020.7,1020.8,1020.7,"R","0.0",79,"-","-",-9999.0,-9999,"40","Fine","SSW",22,12
48,94578,"Brisbane Airport","IDQ60901","04/02:30am","20180704023000","20180703163000",-27.4,153.1,12.0,"-",-9999,-9999,-9999,"-",2.0,26,14,15.3,11.6,1020.7,1020.8,1020.7,"-","0.0",78,"-","-",-9999.0,-9999,"10","-","SSW",20,11
49,94578,"Brisbane Airport","IDQ60901","04/02:00am","20180704020000","20180703160000",-27.4,153.1,12.1,"-",-9999,-9999,-9999,"-",2.2,28,15,15.5,11.4,1021.0,1021.1,1021.0,"-","0.0",76,"-","-",-9999.0,-9999,"10","-","SSW",20,11
50,94578,"Brisbane Airport","IDQ60901","04/01:30am","20180704013000","20180703153000",-27.4,153.1,11.6,"-",-9999,-9999,-9999,"-",2.2,28,15,15.1,10.9,1021.1,1021.2,1021.1,"-","0.0",76,"-","-",-9999.0,-9999,"10","-","SW",20,11
51,94578,"Brisbane Airport","IDQ60901","04/01:00am","20180704010000","20180703150000",-27.4,153.1,11.5,"Mostly clear",1350,1,6,"Stratocumulus",2.7,32,17,15.8,10.7,1021.1,1021.2,1021.1,"-","0.0",71,"-","-",-9999.0,-9999,"10","-","SSW",24,13
52,94578,"Brisbane Airport","IDQ60901","04/12:30am","20180704003000","20180703143000",-27.4,153.1,11.6,"-",-9999,-9999,-9999,"-",2.9,33,18,16.0,10.5,1021.1,1021.2,1021.1,"-","0.0",70,"-","-",-9999.0,-9999,"10","-","SSW",24,13
53,94578,"Brisbane Airport","IDQ60901","04/12:00am","20180704000000","20180703140000",-27.4,153.1,10.8,"Mostly clear",2000,1,35,"-",2.8,35,19,15.6,10.3,1021.2,1021.3,1021.2,"F","0.0",70,"-","-",-9999.0,-9999,"30","Fine","SW",26,14
54,94578,"Brisbane Airport","IDQ60901","03/11:30pm","20180703233000","20180703133000",-27.4,153.1,11.0,"Partly cloudy",2250,3,-9999,"-",3.1,32,17,15.9,10.0,1021.5,1021.6,1021.5,"-","0.0",68,"-","-",-9999.0,-9999,"10","-","SW",26,14
55,94578,"Brisbane Airport","IDQ60901","03/11:00pm","20180703230000","20180703130000",-27.4,153.1,12.4,"Partly cloudy",1770,3,-9999,"-",3.3,28,15,16.2,9.9,1021.5,1021.6,1021.5,"-","0.0",66,"-","-",-9999.0,-9999,"10","-","SW",20,11
56,94578,"Brisbane Airport","IDQ60901","03/10:30pm","20180703223000","20180703123000",-27.4,153.1,12.5,"Mostly clear",1350,1,6,"Stratocumulus",3.2,24,13,16.1,10.0,1021.7,1021.8,1021.7,"-","0.0",67,"-","-",-9999.0,-9999,"10","-","SW",19,10
57,94578,"Brisbane Airport","IDQ60901","03/10:00pm","20180703220000","20180703120000",-27.4,153.1,12.4,"Partly cloudy",1440,3,-9999,"-",3.6,30,16,16.6,9.7,1021.5,1021.6,1021.5,"-","0.0",63,"-","-",-9999.0,-9999,"10","-","SSW",22,12
58,94578,"Brisbane Airport","IDQ60901","03/09:30pm","20180703213000","20180703113000",-27.4,153.1,12.6,"Mostly clear",1440,2,6,"Stratocumulus",3.9,30,16,17.2,9.7,1021.8,1021.9,1021.8,"-","0.0",61,"-","-",-9999.0,-9999,"10","-","SSW",24,13
59,94578,"Brisbane Airport","IDQ60901","03/09:00pm","20180703210000","20180703110000",-27.4,153.1,12.9,"Partly cloudy",2000,5,35,"-",4.0,32,17,17.2,9.5,1021.7,1021.8,1021.7,"F","0.0",60,"-","-",-9999.0,-9999,"30","Fine","SSW",22,12
60,94578,"Brisbane Airport","IDQ60901","03/08:30pm","20180703203000","20180703103000",-27.4,153.1,13.2,"Partly cloudy",3000,3,-9999,"-",3.9,28,15,17.1,9.6,1021.7,1021.8,1021.7,"-","0.0",61,"-","-",-9999.0,-9999,"10","-","SSW",20,11
61,94578,"Brisbane Airport","IDQ60901","03/08:00pm","20180703200000","20180703100000",-27.4,153.1,13.1,"-",-9999,-9999,-9999,"-",3.4,24,13,16.3,9.8,1021.6,1021.7,1021.6,"-","0.0",65,"-","-",-9999.0,-9999,"10","-","SW",17,9
62,94578,"Brisbane Airport","IDQ60901","03/07:30pm","20180703193000","20180703093000",-27.4,153.1,12.9,"-",-9999,-9999,-9999,"-",3.3,20,11,16.1,9.8,1021.7,1021.8,1021.7,"-","0.0",66,"-","-",-9999.0,-9999,"10","-","SSW",17,9
63,94578,"Brisbane Airport","IDQ60901","03/07:00pm","20180703190000","20180703090000",-27.4,153.1,14.3,"-",-9999,-9999,-9999,"-",5.1,32,17,18.7,8.9,1021.3,1021.4,1021.3,"-","0.0",53,"-","-",-9999.0,-9999,"10","-","SSW",22,12
64,94578,"Brisbane Airport","IDQ60901","03/06:30pm","20180703183000","20180703083000",-27.4,153.1,15.2,"-",-9999,-9999,-9999,"-",5.1,26,14,18.7,8.9,1021.2,1021.3,1021.2,"-","0.0",53,"-","-",-9999.0,-9999,"10","-","SSW",17,9
65,94578,"Brisbane Airport","IDQ60901","03/06:00pm","20180703180000","20180703080000",-27.4,153.1,15.6,"Mostly clear",1500,1,35,"-",5.4,24,13,19.1,8.7,1021.0,1021.1,1021.0,"F","0.0",51,"-","-",-9999.0,-9999,"30","Fine","SSW",17,9
66,94578,"Brisbane Airport","IDQ60901","03/05:30pm","20180703173000","20180703073000",-27.4,153.1,16.2,"-",-9999,-9999,-9999,"-",5.5,22,12,19.3,8.7,1020.8,1020.9,1020.8,"-","0.0",50,"-","-",-9999.0,-9999,"10","-","SSW",15,8
67,94578,"Brisbane Airport","IDQ60901","03/05:00pm","20180703170000","20180703070000",-27.4,153.1,15.9,"-",-9999,-9999,-9999,"-",5.9,32,17,20.0,8.7,1020.7,1020.8,1020.7,"-","0.0",48,"-","-",-9999.0,-9999,"10","-","SSW",20,11
68,94578,"Brisbane Airport","IDQ60901","03/04:30pm","20180703163000","20180703063000",-27.4,153.1,17.8,"Partly cloudy",1710,3,-9999,"-",6.2,26,14,20.8,9.1,1020.5,1020.6,1020.5,"-","0.0",47,"-","-",-9999.0,-9999,"10","-","SSW",15,8
69,94578,"Brisbane Airport","IDQ60901","03/04:00pm","20180703160000","20180703060000",-27.4,153.1,17.5,"Partly cloudy",1590,5,-9999,"-",6.0,30,16,21.1,9.9,1020.4,1020.5,1020.4,"-","0.0",48,"-","-",-9999.0,-9999,"10","-","SSW",19,10
70,94578,"Brisbane Airport","IDQ60901","03/03:30pm","20180703153000","20180703053000",-27.4,153.1,19.4,"Partly cloudy",1530,3,-9999,"-",6.2,13,7,21.2,9.6,1020.2,1020.3,1020.2,"-","0.0",47,"-","-",-9999.0,-9999,"10","-","SSW",9,5
71,94578,"Brisbane Airport","IDQ60901","03/03:00pm","20180703150000","20180703050000",-27.4,153.1,19.4,"Partly cloudy",1000,4,35,"-",6.3,17,9,21.5,9.8,1020.3,1020.4,1020.3,"F","0.0",47,"-","-",-9999.0,-9999,"40","Fine","SSW",11,6
72,94578,"Brisbane Airport","IDQ60901","03/02:30pm","20180703143000","20180703043000",-27.4,153.1,20.1,"Mostly clear",1470,2,6,"Stratocumulus",6.1,15,8,21.6,10.4,1020.6,1020.7,1020.6,"-","0.0",49,"-","-",-9999.0,-9999,"10","-","ESE",9,5
73,94578,"Brisbane Airport","IDQ60901","03/02:00pm","20180703140000","20180703040000",-27.4,153.1,19.1,"Partly cloudy",1620,5,-9999,"-",6.6,26,14,22.0,9.7,1020.8,1020.9,1020.8,"-","0.0",45,"-","-",-9999.0,-9999,"10","-","SSW",15,8
74,94578,"Brisbane Airport","IDQ60901","03/01:30pm","20180703133000","20180703033000",-27.4,153.1,19.2,"Partly cloudy",1500,3,-9999,"-",6.6,30,16,21.8,9.5,1021.0,1021.1,1021.0,"-","0.0",45,"-","-",-9999.0,-9999,"10","-","SW",13,7
75,94578,"Brisbane Airport","IDQ60901","03/01:00pm","20180703130000","20180703030000",-27.4,153.1,18.3,"-",-9999,-9999,-9999,"-",6.5,24,13,21.6,9.4,1021.3,1021.4,1021.3,"-","0.0",45,"-","-",-9999.0,-9999,"10","-","SSW",17,9
76,94578,"Brisbane Airport","IDQ60901","03/12:30pm","20180703123000","20180703023000",-27.4,153.1,18.2,"Mostly clear",1350,2,6,"Stratocumulus",6.5,26,14,21.8,9.7,1021.5,1021.6,1021.5,"-","0.0",46,"-","-",-9999.0,-9999,"10","-","SSW",19,10
77,94578,"Brisbane Airport","IDQ60901","03/12:00pm","20180703120000","20180703020000",-27.4,153.1,17.7,"Mostly clear",1000,2,35,"-",6.3,30,16,21.4,9.6,1022.1,1022.2,1022.1,"F","0.0",47,"-","-",-9999.0,-9999,"40","Fine","SSW",19,10
78,94578,"Brisbane Airport","IDQ60901","03/11:30am","20180703113000","20180703013000",-27.4,153.1,17.7,"Mostly clear",600,1,7,"Stratus",5.9,28,15,20.9,9.9,1022.6,1022.7,1022.6,"-","0.0",49,"-","-",-9999.0,-9999,"10","-","SSW",17,9
79,94578,"Brisbane Airport","IDQ60901","03/11:00am","20180703110000","20180703010000",-27.4,153.1,16.8,"Mostly clear",600,1,7,"Stratus",5.1,28,15,20.3,10.9,1023.2,1023.3,1023.2,"-","0.0",54,"-","-",-9999.0,-9999,"10","-","SW",20,11
80,94578,"Brisbane Airport","IDQ60901","03/10:30am","20180703103000","20180703003000",-27.4,153.1,15.6,"Mostly clear",600,1,7,"Stratus",4.7,30,16,19.5,10.8,1023.7,1023.8,1023.7,"-","0.0",57,"-","-",-9999.0,-9999,"10","-","SSW",22,12
81,94578,"Brisbane Airport","IDQ60901","03/10:00am","20180703100000","20180703000000",-27.4,153.1,15.0,"Mostly clear",600,1,7,"Stratus",4.1,30,16,18.5,10.9,1024.0,1024.1,1024.0,"-","0.0",61,"-","-",-9999.0,-9999,"10","-","SW",20,11
82,94578,"Brisbane Airport","IDQ60901","03/09:30am","20180703093000","20180702233000",-27.4,153.1,13.1,"Mostly clear",600,1,7,"Stratus",3.7,32,17,17.5,10.5,1024.5,1024.6,1024.5,"-","0.0",63,"-","-",-9999.0,-9999,"10","-","SSW",24,13
83,94578,"Brisbane Airport","IDQ60901","03/09:00am","20180703090000","20180702230000",-27.4,153.1,12.5,"Mostly clear",600,1,36,"-",3.4,32,17,16.6,10.1,1024.8,1024.9,1024.8,"R","0.2",65,"-","-",-9999.0,-9999,"40","Fine","SSW",22,12
84,94578,"Brisbane Airport","IDQ60901","03/08:30am","20180703083000","20180702223000",-27.4,153.1,11.6,"Mostly clear",600,1,7,"Stratus",3.0,32,17,16.0,10.3,1024.7,1024.8,1024.7,"-","0.2",69,"-","-",-9999.0,-9999,"10","-","SSW",24,13
85,94578,"Brisbane Airport","IDQ60901","03/08:00am","20180703080000","20180702220000",-27.4,153.1,11.5,"Mostly clear",600,1,7,"Stratus",2.4,28,15,15.1,10.5,1024.3,1024.4,1024.3,"-","0.2",74,"-","-",-9999.0,-9999,"10","-","SSW",20,11
86,94578,"Brisbane Airport","IDQ60901","03/07:30am","20180703073000","20180702213000",-27.4,153.1,10.2,"Mostly clear",1200,1,6,"Stratocumulus",1.6,24,13,13.6,10.5,1024.1,1024.2,1024.1,"-","0.2",81,"-","-",-9999.0,-9999,"10","-","SSW",19,10
87,94578,"Brisbane Airport","IDQ60901","03/07:00am","20180703070000","20180702210000",-27.4,153.1,9.3,"Mostly clear",1200,1,6,"Stratocumulus",1.1,26,14,12.4,10.3,1023.9,1024.0,1023.9,"-","0.2",87,"-","-",-9999.0,-9999,"10","-","SSW",17,9
88,94578,"Brisbane Airport","IDQ60901","03/06:30am","20180703063000","20180702203000",-27.4,153.1,10.3,"Mostly clear",1200,1,6,"Stratocumulus",1.3,19,10,12.7,10.2,1023.6,1023.7,1023.6,"-","0.2",85,"-","-",-9999.0,-9999,"10","-","SSW",13,7
89,94578,"Brisbane Airport","IDQ60901","03/06:00am","20180703060000","20180702200000",-27.4,153.1,10.7,"Mostly clear",1000,1,35,"-",1.5,17,9,13.1,10.2,1023.2,1023.3,1023.2,"F","0.2",82,"-","-",-9999.0,-9999,"40","Fine","SSW",13,7
90,94578,"Brisbane Airport","IDQ60901","03/05:30am","20180703053000","20180702193000",-27.4,153.1,10.3,"-",-9999,-9999,-9999,"-",1.1,15,8,12.6,10.5,1023.1,1023.2,1023.1,"-","0.2",87,"-","-",-9999.0,-9999,"10","-","SSW",13,7
91,94578,"Brisbane Airport","IDQ60901","03/05:00am","20180703050000","20180702190000",-27.4,153.1,11.1,"-",-9999,-9999,-9999,"-",1.7,20,11,13.8,10.5,1022.9,1023.0,1022.9,"-","0.2",80,"-","-",-9999.0,-9999,"10","-","SSW",15,8
92,94578,"Brisbane Airport","IDQ60901","03/04:30am","20180703043000","20180702183000",-27.4,153.1,9.6,"-",-9999,-9999,-9999,"-",1.1,26,14,12.9,10.8,1022.5,1022.6,1022.5,"-","0.2",87,"-","-",-9999.0,-9999,"10","-","SSW",19,10
93,94578,"Brisbane Airport","IDQ60901","03/04:00am","20180703040000","20180702180000",-27.4,153.1,11.7,"-",-9999,-9999,-9999,"-",1.4,19,10,13.8,11.1,1022.5,1022.6,1022.5,"-","0.2",84,"-","-",-9999.0,-9999,"10","-","SSW",13,7
94,94578,"Brisbane Airport","IDQ60901","03/03:30am","20180703033000","20180702173000",-27.4,153.1,11.3,"Mostly clear",1260,1,6,"Stratocumulus",1.1,19,10,13.4,11.3,1022.5,1022.6,1022.5,"-","0.2",87,"-","-",-9999.0,-9999,"10","-","SSW",13,7
95,94578,"Brisbane Airport","IDQ60901","03/03:00am","20180703030000","20180702170000",-27.4,153.1,11.5,"Mostly clear",1000,1,35,"-",1.0,15,8,13.5,11.6,1022.9,1023.0,1022.9,"R","0.2",88,"-","-",-9999.0,-9999,"30","Fine","SSW",13,7
96,94578,"Brisbane Airport","IDQ60901","03/02:30am","20180703023000","20180702163000",-27.4,153.1,11.5,"Mostly clear",1050,1,6,"Stratocumulus",1.4,20,11,14.2,11.6,1022.6,1022.7,1022.6,"-","0.2",84,"-","-",-9999.0,-9999,"10","-","SSW",17,9
97,94578,"Brisbane Airport","IDQ60901","03/02:00am","20180703020000","20180702160000",-27.4,153.1,12.1,"Mostly clear",1050,1,6,"Stratocumulus",1.7,19,10,14.5,11.3,1022.6,1022.7,1022.6,"-","0.2",81,"-","-",-9999.0,-9999,"10","-","SSW",15,8
98,94578,"Brisbane Airport","IDQ60901","03/01:30am","20180703013000","20180702153000",-27.4,153.1,12.2,"Mostly clear",1200,1,6,"Stratocumulus",1.4,22,12,14.5,11.9,1022.5,1022.6,1022.5,"-","0.2",84,"-","-",-9999.0,-9999,"10","-","SSW",15,8
99,94578,"Brisbane Airport","IDQ60901","03/01:00am","20180703010000","20180702150000",-27.4,153.1,13.5,"-",-9999,-9999,-9999,"-",2.0,20,11,15.7,12.0,1022.4,1022.5,1022.4,"-","0.2",78,"-","-",-9999.0,-9999,"10","-","SSW",15,8
100,94578,"Brisbane Airport","IDQ60901","03/12:30am","20180703003000","20180702143000",-27.4,153.1,12.7,"-",-9999,-9999,-9999,"-",1.6,26,14,15.5,12.6,1022.6,1022.7,1022.6,"-","0.2",83,"-","-",-9999.0,-9999,"10","-","SSW",19,10
101,94578,"Brisbane Airport","IDQ60901","03/12:00am","20180703000000","20180702140000",-27.4,153.1,13.8,"Partly cloudy",1000,3,35,"-",1.7,20,11,15.8,12.7,1022.6,1022.7,1022.6,"F","0.2",82,"-","-",-9999.0,-9999,"30","Fine","SSW",15,8
102,94578,"Brisbane Airport","IDQ60901","02/11:30pm","20180702233000","20180702133000",-27.4,153.1,14.1,"Mostly clear",990,1,6,"Stratocumulus",1.6,20,11,15.7,12.8,1022.9,1023.0,1022.9,"-","0.2",83,"-","-",-9999.0,-9999,"10","-","SSW",13,7
103,94578,"Brisbane Airport","IDQ60901","02/11:00pm","20180702230000","20180702130000",-27.4,153.1,14.8,"Mostly clear",990,1,6,"Stratocumulus",2.6,22,12,17.2,12.5,1023.0,1023.1,1023.0,"-","0.2",74,"-","-",-9999.0,-9999,"10","-","SSW",17,9
104,94578,"Brisbane Airport","IDQ60901","02/10:30pm","20180702223000","20180702123000",-27.4,153.1,15.7,"Mostly clear",1200,1,6,"Stratocumulus",2.5,17,9,17.3,12.8,1023.1,1023.2,1023.1,"-","0.2",75,"-","-",-9999.0,-9999,"10","-","SSW",13,7
105,94578,"Brisbane Airport","IDQ60901","02/10:00pm","20180702220000","20180702120000",-27.4,153.1,16.1,"Mostly clear",960,1,6,"Stratocumulus",2.3,17,9,17.2,13.1,1023.3,1023.4,1023.3,"-","0.2",77,"-","-",-9999.0,-9999,"10","-","SSW",11,6
106,94578,"Brisbane Airport","IDQ60901","02/09:30pm","20180702213000","20180702113000",-27.4,153.1,16.4,"Partly cloudy",960,3,6,"Stratocumulus",2.1,15,8,17.3,13.6,1023.3,1023.4,1023.3,"-","0.2",79,"-","-",-9999.0,-9999,"10","-","SW",11,6
107,94578,"Brisbane Airport","IDQ60901","02/09:00pm","20180702210000","20180702110000",-27.4,153.1,17.7,"Cloudy",600,8,38,"-",1.4,6,3,16.7,14.2,1023.3,1023.4,1023.3,"F","0.2",85,"-","-",-9999.0,-9999,"30","Fine","S",2,1
108,94578,"Brisbane Airport","IDQ60901","02/08:30pm","20180702203000","20180702103000",-27.4,153.1,17.7,"Mostly clear",1080,1,6,"Stratocumulus",1.5,7,4,17.3,14.7,1023.2,1023.3,1023.2,"-","0.2",85,"-","-",-9999.0,-9999,"10","-","SSE",6,3
109,94578,"Brisbane Airport","IDQ60901","02/08:00pm","20180702200000","20180702100000",-27.4,153.1,18.5,"Mostly clear",870,1,8,"Cumulus",2.2,9,5,18.2,14.4,1023.4,1023.5,1023.4,"-","0.2",78,"-","-",-9999.0,-9999,"10","-","SSE",6,3
110,94578,"Brisbane Airport","IDQ60901","02/07:30pm","20180702193000","20180702093000",-27.4,153.1,19.5,"Mostly clear",870,1,8,"Cumulus",2.3,0,0,18.2,14.2,1023.1,1023.2,1023.1,"-","0.2",77,"-","-",-9999.0,-9999,"10","-","CALM",0,0
111,94578,"Brisbane Airport","IDQ60901","02/07:00pm","20180702190000","20180702090000",-27.4,153.1,19.0,"Mostly clear",870,1,8,"Cumulus",2.6,9,5,18.8,14.3,1022.9,1023.0,1022.9,"-","0.2",75,"-","-",-9999.0,-9999,"10","-","ESE",6,3
112,94578,"Brisbane Airport","IDQ60901","02/06:30pm","20180702183000","20180702083000",-27.4,153.1,18.9,"Mostly clear",900,1,8,"Cumulus",2.6,13,7,19.1,14.6,1022.9,1023.0,1022.9,"-","0.2",75,"-","-",-9999.0,-9999,"10","-","S",9,5
113,94578,"Brisbane Airport","IDQ60901","02/06:00pm","20180702180000","20180702080000",-27.4,153.1,20.3,"Cloudy",1000,8,35,"-",2.4,9,5,19.1,15.0,1022.6,1022.7,1022.6,"F","0.2",77,"-","-",-9999.0,-9999,"30","Fine","SSE",2,1
114,94578,"Brisbane Airport","IDQ60901","02/05:30pm","20180702173000","20180702073000",-27.4,153.1,19.5,"Partly cloudy",3750,3,-9999,"-",2.5,9,5,19.2,14.9,1022.1,1022.2,1022.1,"-","0.2",76,"-","-",-9999.0,-9999,"10","-","SE",7,4
115,94578,"Brisbane Airport","IDQ60901","02/05:00pm","20180702170000","20180702070000",-27.4,153.1,19.3,"-",-9999,-9999,-9999,"-",2.5,9,5,19.1,14.8,1021.9,1022.0,1021.9,"-","0.2",76,"-","-",-9999.0,-9999,"10","-","ESE",7,4
116,94578,"Brisbane Airport","IDQ60901","02/04:30pm","20180702163000","20180702063000",-27.4,153.1,19.0,"-",-9999,-9999,-9999,"-",2.6,13,7,19.2,14.7,1021.7,1021.8,1021.7,"-","0.2",75,"-","-",-9999.0,-9999,"10","-","ESE",9,5
117,94578,"Brisbane Airport","IDQ60901","02/04:00pm","20180702160000","20180702060000",-27.4,153.1,19.5,"Mostly clear",600,1,7,"Stratus",3.4,17,9,19.9,14.0,1021.7,1021.8,1021.7,"-","0.2",69,"-","-",-9999.0,-9999,"10","-","ESE",9,5
118,94578,"Brisbane Airport","IDQ60901","02/03:30pm","20180702153000","20180702053000",-27.4,153.1,19.7,"Mostly clear",750,1,8,"Cumulus",4.1,17,9,20.7,13.5,1021.6,1021.7,1021.6,"-","0.2",63,"-","-",-9999.0,-9999,"10","-","E",11,6
119,94578,"Brisbane Airport","IDQ60901","02/03:00pm","20180702150000","20180702050000",-27.4,153.1,19.3,"Partly cloudy",600,4,34,"-",3.7,19,10,20.5,14.1,1021.7,1021.8,1021.7,"F","0.2",66,"-","-",-9999.0,-9999,"30","Fine","E",13,7
120,94578,"Brisbane Airport","IDQ60901","02/02:30pm","20180702143000","20180702043000",-27.4,153.1,19.1,"Mostly clear",840,1,8,"Cumulus",3.4,17,9,20.2,14.3,1022.2,1022.3,1022.2,"-","0.2",69,"-","-",-9999.0,-9999,"10","-","E",13,7
121,94578,"Brisbane Airport","IDQ60901","02/02:00pm","20180702140000","20180702040000",-27.4,153.1,19.7,"Partly cloudy",1050,3,8,"Cumulus",3.8,17,9,20.8,14.2,1022.3,1022.4,1022.3,"-","0.2",66,"-","-",-9999.0,-9999,"10","-","E",13,7
122,94578,"Brisbane Airport","IDQ60901","02/01:30pm","20180702133000","20180702033000",-27.4,153.1,20.9,"Mostly clear",900,2,8,"Cumulus",3.8,17,9,21.4,14.9,1022.3,1022.4,1022.3,"-","0.2",66,"-","-",-9999.0,-9999,"10","-","SE",11,6
123,94578,"Brisbane Airport","IDQ60901","02/01:00pm","20180702130000","20180702030000",-27.4,153.1,20.5,"Mostly clear",900,1,8,"Cumulus",4.9,20,11,21.9,13.4,1022.6,1022.7,1022.6,"-","0.2",58,"-","-",-9999.0,-9999,"10","-","SSW",13,7
124,94578,"Brisbane Airport","IDQ60901","02/12:30pm","20180702123000","20180702023000",-27.4,153.1,20.8,"Mostly clear",900,1,8,"Cumulus",5.2,22,12,22.5,13.5,1023.1,1023.2,1023.1,"-","0.2",56,"-","-",-9999.0,-9999,"10","-","SW",15,8
125,94578,"Brisbane Airport","IDQ60901","02/12:00pm","20180702120000","20180702020000",-27.4,153.1,20.7,"Mostly cloudy",600,7,31,"-",5.1,20,11,22.4,13.6,1023.5,1023.6,1023.5,"F","0.2",57,"-","-",-9999.0,-9999,"30","Fine","SW",15,8
126,94578,"Brisbane Airport","IDQ60901","02/11:30am","20180702113000","20180702013000",-27.4,153.1,20.7,"Mostly clear",840,1,8,"Cumulus",4.6,15,8,21.6,13.6,1024.1,1024.2,1024.1,"-","0.2",60,"-","-",-9999.0,-9999,"10","-","SE",11,6
127,94578,"Brisbane Airport","IDQ60901","02/11:00am","20180702110000","20180702010000",-27.4,153.1,19.8,"Mostly clear",750,1,8,"Cumulus",4.2,15,8,20.8,13.4,1024.5,1024.6,1024.5,"-","0.0",62,"-","-",-9999.0,-9999,"10","-","S",11,6
128,94578,"Brisbane Airport","IDQ60901","02/10:30am","20180702103000","20180702003000",-27.4,153.1,18.4,"Mostly clear",750,1,8,"Cumulus",3.8,26,14,20.4,13.8,1024.9,1025.0,1024.9,"-","0.0",66,"-","-",-9999.0,-9999,"10","-","SSW",17,9
129,94578,"Brisbane Airport","IDQ60901","02/10:00am","20180702100000","20180702000000",-27.4,153.1,16.9,"Mostly clear",750,1,8,"Cumulus",3.4,30,16,19.8,13.9,1025.2,1025.3,1025.2,"-","0.0",69,"-","-",-9999.0,-9999,"10","-","SSW",22,12
130,94578,"Brisbane Airport","IDQ60901","02/09:30am","20180702093000","20180701233000",-27.4,153.1,15.5,"Mostly clear",750,1,8,"Cumulus",3.0,33,18,18.9,13.6,1025.6,1025.7,1025.6,"-","0.0",71,"-","-",-9999.0,-9999,"10","-","SSW",24,13
131,94578,"Brisbane Airport","IDQ60901","02/09:00am","20180702090000","20180701230000",-27.4,153.1,14.2,"Partly cloudy",1000,3,35,"-",2.5,32,17,18.0,13.6,1025.6,1025.7,1025.6,"F","0.2",75,"-","-",-9999.0,-9999,"30","Fine","SSW",26,14
132,94578,"Brisbane Airport","IDQ60901","02/08:30am","20180702083000","20180701223000",-27.4,153.1,14.0,"Partly cloudy",1320,3,6,"Stratocumulus",1.9,30,16,17.0,13.6,1025.6,1025.7,1025.6,"-","0.2",80,"-","-",-9999.0,-9999,"10","-","SSW",22,12
133,94578,"Brisbane Airport","IDQ60901","02/08:00am","20180702080000","20180701220000",-27.4,153.1,13.5,"Mostly cloudy",1320,7,6,"Stratocumulus",1.6,26,14,16.1,13.2,1025.9,1026.0,1025.9,"-","0.2",83,"-","-",-9999.0,-9999,"10","-","SSW",19,10
134,94578,"Brisbane Airport","IDQ60901","02/07:30am","20180702073000","20180701213000",-27.4,153.1,13.6,"Mostly cloudy",1260,7,6,"Stratocumulus",1.6,24,13,15.9,13.0,1025.9,1026.0,1025.9,"-","0.2",83,"-","-",-9999.0,-9999,"10","-","SSW",17,9
135,94578,"Brisbane Airport","IDQ60901","02/07:00am","20180702070000","20180701210000",-27.4,153.1,12.4,"Mostly clear",810,1,6,"Stratocumulus",0.8,28,15,15.3,13.9,1025.7,1025.8,1025.7,"-","0.2",91,"-","-",-9999.0,-9999,"10","-","SSW",22,12
136,94578,"Brisbane Airport","IDQ60901","02/06:30am","20180702063000","20180701203000",-27.4,153.1,13.8,"Mostly clear",810,1,6,"Stratocumulus",0.7,19,10,15.1,13.8,1025.5,1025.6,1025.5,"-","0.2",92,"-","-",-9999.0,-9999,"10","-","SSW",13,7
137,94578,"Brisbane Airport","IDQ60901","02/06:00am","20180702060000","20180701200000",-27.4,153.1,13.9,"Mostly cloudy",600,7,35,"-",1.1,17,9,15.3,13.3,1025.2,1025.3,1025.2,"F","0.2",88,"-","-",-9999.0,-9999,"30","Fine","SSW",13,7
138,94578,"Brisbane Airport","IDQ60901","02/05:30am","20180702053000","20180701193000",-27.4,153.1,13.9,"Partly cloudy",840,3,6,"Stratocumulus",1.2,17,9,15.4,13.2,1025.1,1025.2,1025.1,"-","0.2",87,"-","-",-9999.0,-9999,"10","-","SSW",13,7
139,94578,"Brisbane Airport","IDQ60901","02/05:00am","20180702050000","20180701190000",-27.4,153.1,13.4,"Mostly clear",720,1,8,"Cumulus",0.8,15,8,14.8,13.4,1024.9,1025.0,1024.9,"-","0.2",91,"-","-",-9999.0,-9999,"10","-","SSW",13,7
140,94578,"Brisbane Airport","IDQ60901","02/04:30am","20180702043000","20180701183000",-27.4,153.1,13.2,"Mostly clear",1140,1,6,"Stratocumulus",0.8,19,10,14.9,13.5,1024.5,1024.6,1024.5,"-","0.2",91,"-","-",-9999.0,-9999,"10","-","SSW",15,8
141,94578,"Brisbane Airport","IDQ60901","02/04:00am","20180702040000","20180701180000",-27.4,153.1,14.3,"Mostly clear",660,1,8,"Cumulus",0.5,15,8,14.8,13.9,1024.5,1024.6,1024.5,"-","0.2",94,"-","-",-9999.0,-9999,"10","-","SSW",9,5
142,94578,"Brisbane Airport","IDQ60901","02/03:30am","20180702033000","20180701173000",-27.4,153.1,13.7,"Mostly clear",1200,1,6,"Stratocumulus",0.5,17,9,14.9,14.0,1024.7,1024.8,1024.7,"-","0.2",94,"-","-",-9999.0,-9999,"10","-","SSW",13,7
143,94578,"Brisbane Airport","IDQ60901","02/03:00am","20180702030000","20180701170000",-27.4,153.1,14.9,"Mostly cloudy",1000,7,35,"-",0.8,13,7,15.6,14.2,1025.0,1025.1,1025.0,"F","0.2",91,"-","-",-9999.0,-9999,"30","Fine","SSW",11,6
[$]

